id,name,growth_time,max_harvest,natural_gift_power,size,smoothness,soil_dryness,firmness,flavors,item,natural_gift_type
1,cheri,3,5,60,20,25,15,soft,"[{'flavor': {'name': 'spicy', 'url': 'https://pokeapi.co/api/v2/berry-flavor/1/'}, 'potency': 10}, {'flavor': {'name': 'dry', 'url': 'https://pokeapi.co/api/v2/berry-flavor/2/'}, 'potency': 0}, {'flavor': {'name': 'sweet', 'url': 'https://pokeapi.co/api/v2/berry-flavor/3/'}, 'potency': 0}, {'flavor': {'name': 'bitter', 'url': 'https://pokeapi.co/api/v2/berry-flavor/4/'}, 'potency': 0}, {'flavor': {'name': 'sour', 'url': 'https://pokeapi.co/api/v2/berry-flavor/5/'}, 'potency': 0}]",cheri-berry,fire
2,chesto,3,5,60,80,25,15,super-hard,"[{'flavor': {'name': 'spicy', 'url': 'https://pokeapi.co/api/v2/berry-flavor/1/'}, 'potency': 0}, {'flavor': {'name': 'dry', 'url': 'https://pokeapi.co/api/v2/berry-flavor/2/'}, 'potency': 10}, {'flavor': {'name': 'sweet', 'url': 'https://pokeapi.co/api/v2/berry-flavor/3/'}, 'potency': 0}, {'flavor': {'name': 'bitter', 'url': 'https://pokeapi.co/api/v2/berry-flavor/4/'}, 'potency': 0}, {'flavor': {'name': 'sour', 'url': 'https://pokeapi.co/api/v2/berry-flavor/5/'}, 'potency': 0}]",chesto-berry,water
3,pecha,3,5,60,40,25,15,very-soft,"[{'flavor': {'name': 'spicy', 'url': 'https://pokeapi.co/api/v2/berry-flavor/1/'}, 'potency': 0}, {'flavor': {'name': 'dry', 'url': 'https://pokeapi.co/api/v2/berry-flavor/2/'}, 'potency': 0}, {'flavor': {'name': 'sweet', 'url': 'https://pokeapi.co/api/v2/berry-flavor/3/'}, 'potency': 10}, {'flavor': {'name': 'bitter', 'url': 'https://pokeapi.co/api/v2/berry-flavor/4/'}, 'potency': 0}, {'flavor': {'name': 'sour', 'url': 'https://pokeapi.co/api/v2/berry-flavor/5/'}, 'potency': 0}]",pecha-berry,electric
4,rawst,3,5,60,32,25,15,hard,"[{'flavor': {'name': 'spicy', 'url': 'https://pokeapi.co/api/v2/berry-flavor/1/'}, 'potency': 0}, {'flavor': {'name': 'dry', 'url': 'https://pokeapi.co/api/v2/berry-flavor/2/'}, 'potency': 0}, {'flavor': {'name': 'sweet', 'url': 'https://pokeapi.co/api/v2/berry-flavor/3/'}, 'potency': 0}, {'flavor': {'name': 'bitter', 'url': 'https://pokeapi.co/api/v2/berry-flavor/4/'}, 'potency': 10}, {'flavor': {'name': 'sour', 'url': 'https://pokeapi.co/api/v2/berry-flavor/5/'}, 'potency': 0}]",rawst-berry,grass
5,aspear,3,5,60,50,25,15,super-hard,"[{'flavor': {'name': 'spicy', 'url': 'https://pokeapi.co/api/v2/berry-flavor/1/'}, 'potency': 0}, {'flavor': {'name': 'dry', 'url': 'https://pokeapi.co/api/v2/berry-flavor/2/'}, 'potency': 0}, {'flavor': {'name': 'sweet', 'url': 'https://pokeapi.co/api/v2/berry-flavor/3/'}, 'potency': 0}, {'flavor': {'name': 'bitter', 'url': 'https://pokeapi.co/api/v2/berry-flavor/4/'}, 'potency': 0}, {'flavor': {'name': 'sour', 'url': 'https://pokeapi.co/api/v2/berry-flavor/5/'}, 'potency': 10}]",aspear-berry,ice
6,leppa,4,5,60,28,20,15,very-hard,"[{'flavor': {'name': 'spicy', 'url': 'https://pokeapi.co/api/v2/berry-flavor/1/'}, 'potency': 10}, {'flavor': {'name': 'dry', 'url': 'https://pokeapi.co/api/v2/berry-flavor/2/'}, 'potency': 0}, {'flavor': {'name': 'sweet', 'url': 'https://pokeapi.co/api/v2/berry-flavor/3/'}, 'potency': 10}, {'flavor': {'name': 'bitter', 'url': 'https://pokeapi.co/api/v2/berry-flavor/4/'}, 'potency': 10}, {'flavor': {'name': 'sour', 'url': 'https://pokeapi.co/api/v2/berry-flavor/5/'}, 'potency': 10}]",leppa-berry,fighting
7,oran,4,5,60,35,20,15,super-hard,"[{'flavor': {'name': 'spicy', 'url': 'https://pokeapi.co/api/v2/berry-flavor/1/'}, 'potency': 10}, {'flavor': {'name': 'dry', 'url': 'https://pokeapi.co/api/v2/berry-flavor/2/'}, 'potency': 10}, {'flavor': {'name': 'sweet', 'url': 'https://pokeapi.co/api/v2/berry-flavor/3/'}, 'potency': 0}, {'flavor': {'name': 'bitter', 'url': 'https://pokeapi.co/api/v2/berry-flavor/4/'}, 'potency': 10}, {'flavor': {'name': 'sour', 'url': 'https://pokeapi.co/api/v2/berry-flavor/5/'}, 'potency': 10}]",oran-berry,poison
8,persim,4,5,60,47,20,15,hard,"[{'flavor': {'name': 'spicy', 'url': 'https://pokeapi.co/api/v2/berry-flavor/1/'}, 'potency': 10}, {'flavor': {'name': 'dry', 'url': 'https://pokeapi.co/api/v2/berry-flavor/2/'}, 'potency': 10}, {'flavor': {'name': 'sweet', 'url': 'https://pokeapi.co/api/v2/berry-flavor/3/'}, 'potency': 10}, {'flavor': {'name': 'bitter', 'url': 'https://pokeapi.co/api/v2/berry-flavor/4/'}, 'potency': 0}, {'flavor': {'name': 'sour', 'url': 'https://pokeapi.co/api/v2/berry-flavor/5/'}, 'potency': 10}]",persim-berry,ground
9,lum,12,5,60,34,20,8,super-hard,"[{'flavor': {'name': 'spicy', 'url': 'https://pokeapi.co/api/v2/berry-flavor/1/'}, 'potency': 10}, {'flavor': {'name': 'dry', 'url': 'https://pokeapi.co/api/v2/berry-flavor/2/'}, 'potency': 10}, {'flavor': {'name': 'sweet', 'url': 'https://pokeapi.co/api/v2/berry-flavor/3/'}, 'potency': 10}, {'flavor': {'name': 'bitter', 'url': 'https://pokeapi.co/api/v2/berry-flavor/4/'}, 'potency': 10}, {'flavor': {'name': 'sour', 'url': 'https://pokeapi.co/api/v2/berry-flavor/5/'}, 'potency': 0}]",lum-berry,flying
10,sitrus,8,5,60,95,20,7,very-hard,"[{'flavor': {'name': 'spicy', 'url': 'https://pokeapi.co/api/v2/berry-flavor/1/'}, 'potency': 0}, {'flavor': {'name': 'dry', 'url': 'https://pokeapi.co/api/v2/berry-flavor/2/'}, 'potency': 10}, {'flavor': {'name': 'sweet', 'url': 'https://pokeapi.co/api/v2/berry-flavor/3/'}, 'potency': 10}, {'flavor': {'name': 'bitter', 'url': 'https://pokeapi.co/api/v2/berry-flavor/4/'}, 'potency': 10}, {'flavor': {'name': 'sour', 'url': 'https://pokeapi.co/api/v2/berry-flavor/5/'}, 'potency': 10}]",sitrus-berry,psychic
11,figy,5,5,60,100,25,10,soft,"[{'flavor': {'name': 'spicy', 'url': 'https://pokeapi.co/api/v2/berry-flavor/1/'}, 'potency': 15}, {'flavor': {'name': 'dry', 'url': 'https://pokeapi.co/api/v2/berry-flavor/2/'}, 'potency': 0}, {'flavor': {'name': 'sweet', 'url': 'https://pokeapi.co/api/v2/berry-flavor/3/'}, 'potency': 0}, {'flavor': {'name': 'bitter', 'url': 'https://pokeapi.co/api/v2/berry-flavor/4/'}, 'potency': 0}, {'flavor': {'name': 'sour', 'url': 'https://pokeapi.co/api/v2/berry-flavor/5/'}, 'potency': 0}]",figy-berry,bug
12,wiki,5,5,60,115,25,10,hard,"[{'flavor': {'name': 'spicy', 'url': 'https://pokeapi.co/api/v2/berry-flavor/1/'}, 'potency': 0}, {'flavor': {'name': 'dry', 'url': 'https://pokeapi.co/api/v2/berry-flavor/2/'}, 'potency': 15}, {'flavor': {'name': 'sweet', 'url': 'https://pokeapi.co/api/v2/berry-flavor/3/'}, 'potency': 0}, {'flavor': {'name': 'bitter', 'url': 'https://pokeapi.co/api/v2/berry-flavor/4/'}, 'potency': 0}, {'flavor': {'name': 'sour', 'url': 'https://pokeapi.co/api/v2/berry-flavor/5/'}, 'potency': 0}]",wiki-berry,rock
13,mago,5,5,60,126,25,10,hard,"[{'flavor': {'name': 'spicy', 'url': 'https://pokeapi.co/api/v2/berry-flavor/1/'}, 'potency': 0}, {'flavor': {'name': 'dry', 'url': 'https://pokeapi.co/api/v2/berry-flavor/2/'}, 'potency': 0}, {'flavor': {'name': 'sweet', 'url': 'https://pokeapi.co/api/v2/berry-flavor/3/'}, 'potency': 15}, {'flavor': {'name': 'bitter', 'url': 'https://pokeapi.co/api/v2/berry-flavor/4/'}, 'potency': 0}, {'flavor': {'name': 'sour', 'url': 'https://pokeapi.co/api/v2/berry-flavor/5/'}, 'potency': 0}]",mago-berry,ghost
14,aguav,5,5,60,64,25,10,super-hard,"[{'flavor': {'name': 'spicy', 'url': 'https://pokeapi.co/api/v2/berry-flavor/1/'}, 'potency': 0}, {'flavor': {'name': 'dry', 'url': 'https://pokeapi.co/api/v2/berry-flavor/2/'}, 'potency': 0}, {'flavor': {'name': 'sweet', 'url': 'https://pokeapi.co/api/v2/berry-flavor/3/'}, 'potency': 0}, {'flavor': {'name': 'bitter', 'url': 'https://pokeapi.co/api/v2/berry-flavor/4/'}, 'potency': 15}, {'flavor': {'name': 'sour', 'url': 'https://pokeapi.co/api/v2/berry-flavor/5/'}, 'potency': 0}]",aguav-berry,dragon
15,iapapa,5,5,60,223,25,10,soft,"[{'flavor': {'name': 'spicy', 'url': 'https://pokeapi.co/api/v2/berry-flavor/1/'}, 'potency': 0}, {'flavor': {'name': 'dry', 'url': 'https://pokeapi.co/api/v2/berry-flavor/2/'}, 'potency': 0}, {'flavor': {'name': 'sweet', 'url': 'https://pokeapi.co/api/v2/berry-flavor/3/'}, 'potency': 0}, {'flavor': {'name': 'bitter', 'url': 'https://pokeapi.co/api/v2/berry-flavor/4/'}, 'potency': 0}, {'flavor': {'name': 'sour', 'url': 'https://pokeapi.co/api/v2/berry-flavor/5/'}, 'potency': 15}]",iapapa-berry,dark
16,razz,2,10,60,120,20,35,very-hard,"[{'flavor': {'name': 'spicy', 'url': 'https://pokeapi.co/api/v2/berry-flavor/1/'}, 'potency': 10}, {'flavor': {'name': 'dry', 'url': 'https://pokeapi.co/api/v2/berry-flavor/2/'}, 'potency': 10}, {'flavor': {'name': 'sweet', 'url': 'https://pokeapi.co/api/v2/berry-flavor/3/'}, 'potency': 0}, {'flavor': {'name': 'bitter', 'url': 'https://pokeapi.co/api/v2/berry-flavor/4/'}, 'potency': 0}, {'flavor': {'name': 'sour', 'url': 'https://pokeapi.co/api/v2/berry-flavor/5/'}, 'potency': 0}]",razz-berry,steel
17,bluk,2,10,70,108,20,35,soft,"[{'flavor': {'name': 'spicy', 'url': 'https://pokeapi.co/api/v2/berry-flavor/1/'}, 'potency': 0}, {'flavor': {'name': 'dry', 'url': 'https://pokeapi.co/api/v2/berry-flavor/2/'}, 'potency': 10}, {'flavor': {'name': 'sweet', 'url': 'https://pokeapi.co/api/v2/berry-flavor/3/'}, 'potency': 10}, {'flavor': {'name': 'bitter', 'url': 'https://pokeapi.co/api/v2/berry-flavor/4/'}, 'potency': 0}, {'flavor': {'name': 'sour', 'url': 'https://pokeapi.co/api/v2/berry-flavor/5/'}, 'potency': 0}]",bluk-berry,fire
18,nanab,2,10,70,77,20,35,very-hard,"[{'flavor': {'name': 'spicy', 'url': 'https://pokeapi.co/api/v2/berry-flavor/1/'}, 'potency': 0}, {'flavor': {'name': 'dry', 'url': 'https://pokeapi.co/api/v2/berry-flavor/2/'}, 'potency': 0}, {'flavor': {'name': 'sweet', 'url': 'https://pokeapi.co/api/v2/berry-flavor/3/'}, 'potency': 10}, {'flavor': {'name': 'bitter', 'url': 'https://pokeapi.co/api/v2/berry-flavor/4/'}, 'potency': 10}, {'flavor': {'name': 'sour', 'url': 'https://pokeapi.co/api/v2/berry-flavor/5/'}, 'potency': 0}]",nanab-berry,water
19,wepear,2,10,70,74,20,35,super-hard,"[{'flavor': {'name': 'spicy', 'url': 'https://pokeapi.co/api/v2/berry-flavor/1/'}, 'potency': 0}, {'flavor': {'name': 'dry', 'url': 'https://pokeapi.co/api/v2/berry-flavor/2/'}, 'potency': 0}, {'flavor': {'name': 'sweet', 'url': 'https://pokeapi.co/api/v2/berry-flavor/3/'}, 'potency': 0}, {'flavor': {'name': 'bitter', 'url': 'https://pokeapi.co/api/v2/berry-flavor/4/'}, 'potency': 10}, {'flavor': {'name': 'sour', 'url': 'https://pokeapi.co/api/v2/berry-flavor/5/'}, 'potency': 10}]",wepear-berry,electric
20,pinap,2,10,70,80,20,35,hard,"[{'flavor': {'name': 'spicy', 'url': 'https://pokeapi.co/api/v2/berry-flavor/1/'}, 'potency': 10}, {'flavor': {'name': 'dry', 'url': 'https://pokeapi.co/api/v2/berry-flavor/2/'}, 'potency': 0}, {'flavor': {'name': 'sweet', 'url': 'https://pokeapi.co/api/v2/berry-flavor/3/'}, 'potency': 0}, {'flavor': {'name': 'bitter', 'url': 'https://pokeapi.co/api/v2/berry-flavor/4/'}, 'potency': 0}, {'flavor': {'name': 'sour', 'url': 'https://pokeapi.co/api/v2/berry-flavor/5/'}, 'potency': 10}]",pinap-berry,grass
21,pomeg,8,5,70,135,20,8,very-hard,"[{'flavor': {'name': 'spicy', 'url': 'https://pokeapi.co/api/v2/berry-flavor/1/'}, 'potency': 10}, {'flavor': {'name': 'dry', 'url': 'https://pokeapi.co/api/v2/berry-flavor/2/'}, 'potency': 0}, {'flavor': {'name': 'sweet', 'url': 'https://pokeapi.co/api/v2/berry-flavor/3/'}, 'potency': 10}, {'flavor': {'name': 'bitter', 'url': 'https://pokeapi.co/api/v2/berry-flavor/4/'}, 'potency': 10}, {'flavor': {'name': 'sour', 'url': 'https://pokeapi.co/api/v2/berry-flavor/5/'}, 'potency': 0}]",pomeg-berry,ice
22,kelpsy,8,5,70,150,20,8,hard,"[{'flavor': {'name': 'spicy', 'url': 'https://pokeapi.co/api/v2/berry-flavor/1/'}, 'potency': 0}, {'flavor': {'name': 'dry', 'url': 'https://pokeapi.co/api/v2/berry-flavor/2/'}, 'potency': 10}, {'flavor': {'name': 'sweet', 'url': 'https://pokeapi.co/api/v2/berry-flavor/3/'}, 'potency': 0}, {'flavor': {'name': 'bitter', 'url': 'https://pokeapi.co/api/v2/berry-flavor/4/'}, 'potency': 10}, {'flavor': {'name': 'sour', 'url': 'https://pokeapi.co/api/v2/berry-flavor/5/'}, 'potency': 10}]",kelpsy-berry,fighting
23,qualot,8,5,70,110,20,8,hard,"[{'flavor': {'name': 'spicy', 'url': 'https://pokeapi.co/api/v2/berry-flavor/1/'}, 'potency': 10}, {'flavor': {'name': 'dry', 'url': 'https://pokeapi.co/api/v2/berry-flavor/2/'}, 'potency': 0}, {'flavor': {'name': 'sweet', 'url': 'https://pokeapi.co/api/v2/berry-flavor/3/'}, 'potency': 10}, {'flavor': {'name': 'bitter', 'url': 'https://pokeapi.co/api/v2/berry-flavor/4/'}, 'potency': 0}, {'flavor': {'name': 'sour', 'url': 'https://pokeapi.co/api/v2/berry-flavor/5/'}, 'potency': 10}]",qualot-berry,poison
24,hondew,8,5,70,162,20,8,hard,"[{'flavor': {'name': 'spicy', 'url': 'https://pokeapi.co/api/v2/berry-flavor/1/'}, 'potency': 10}, {'flavor': {'name': 'dry', 'url': 'https://pokeapi.co/api/v2/berry-flavor/2/'}, 'potency': 10}, {'flavor': {'name': 'sweet', 'url': 'https://pokeapi.co/api/v2/berry-flavor/3/'}, 'potency': 0}, {'flavor': {'name': 'bitter', 'url': 'https://pokeapi.co/api/v2/berry-flavor/4/'}, 'potency': 10}, {'flavor': {'name': 'sour', 'url': 'https://pokeapi.co/api/v2/berry-flavor/5/'}, 'potency': 0}]",hondew-berry,ground
25,grepa,8,5,70,149,20,8,soft,"[{'flavor': {'name': 'spicy', 'url': 'https://pokeapi.co/api/v2/berry-flavor/1/'}, 'potency': 0}, {'flavor': {'name': 'dry', 'url': 'https://pokeapi.co/api/v2/berry-flavor/2/'}, 'potency': 10}, {'flavor': {'name': 'sweet', 'url': 'https://pokeapi.co/api/v2/berry-flavor/3/'}, 'potency': 10}, {'flavor': {'name': 'bitter', 'url': 'https://pokeapi.co/api/v2/berry-flavor/4/'}, 'potency': 0}, {'flavor': {'name': 'sour', 'url': 'https://pokeapi.co/api/v2/berry-flavor/5/'}, 'potency': 10}]",grepa-berry,flying
26,tamato,8,5,70,200,30,8,soft,"[{'flavor': {'name': 'spicy', 'url': 'https://pokeapi.co/api/v2/berry-flavor/1/'}, 'potency': 20}, {'flavor': {'name': 'dry', 'url': 'https://pokeapi.co/api/v2/berry-flavor/2/'}, 'potency': 10}, {'flavor': {'name': 'sweet', 'url': 'https://pokeapi.co/api/v2/berry-flavor/3/'}, 'potency': 0}, {'flavor': {'name': 'bitter', 'url': 'https://pokeapi.co/api/v2/berry-flavor/4/'}, 'potency': 0}, {'flavor': {'name': 'sour', 'url': 'https://pokeapi.co/api/v2/berry-flavor/5/'}, 'potency': 0}]",tamato-berry,psychic
27,cornn,6,10,70,75,30,10,hard,"[{'flavor': {'name': 'spicy', 'url': 'https://pokeapi.co/api/v2/berry-flavor/1/'}, 'potency': 0}, {'flavor': {'name': 'dry', 'url': 'https://pokeapi.co/api/v2/berry-flavor/2/'}, 'potency': 20}, {'flavor': {'name': 'sweet', 'url': 'https://pokeapi.co/api/v2/berry-flavor/3/'}, 'potency': 10}, {'flavor': {'name': 'bitter', 'url': 'https://pokeapi.co/api/v2/berry-flavor/4/'}, 'potency': 0}, {'flavor': {'name': 'sour', 'url': 'https://pokeapi.co/api/v2/berry-flavor/5/'}, 'potency': 0}]",cornn-berry,bug
28,magost,6,10,70,140,30,10,hard,"[{'flavor': {'name': 'spicy', 'url': 'https://pokeapi.co/api/v2/berry-flavor/1/'}, 'potency': 0}, {'flavor': {'name': 'dry', 'url': 'https://pokeapi.co/api/v2/berry-flavor/2/'}, 'potency': 0}, {'flavor': {'name': 'sweet', 'url': 'https://pokeapi.co/api/v2/berry-flavor/3/'}, 'potency': 20}, {'flavor': {'name': 'bitter', 'url': 'https://pokeapi.co/api/v2/berry-flavor/4/'}, 'potency': 10}, {'flavor': {'name': 'sour', 'url': 'https://pokeapi.co/api/v2/berry-flavor/5/'}, 'potency': 0}]",magost-berry,rock
29,rabuta,6,10,70,226,30,10,soft,"[{'flavor': {'name': 'spicy', 'url': 'https://pokeapi.co/api/v2/berry-flavor/1/'}, 'potency': 0}, {'flavor': {'name': 'dry', 'url': 'https://pokeapi.co/api/v2/berry-flavor/2/'}, 'potency': 0}, {'flavor': {'name': 'sweet', 'url': 'https://pokeapi.co/api/v2/berry-flavor/3/'}, 'potency': 0}, {'flavor': {'name': 'bitter', 'url': 'https://pokeapi.co/api/v2/berry-flavor/4/'}, 'potency': 20}, {'flavor': {'name': 'sour', 'url': 'https://pokeapi.co/api/v2/berry-flavor/5/'}, 'potency': 10}]",rabuta-berry,ghost
30,nomel,6,10,70,285,30,10,super-hard,"[{'flavor': {'name': 'spicy', 'url': 'https://pokeapi.co/api/v2/berry-flavor/1/'}, 'potency': 10}, {'flavor': {'name': 'dry', 'url': 'https://pokeapi.co/api/v2/berry-flavor/2/'}, 'potency': 0}, {'flavor': {'name': 'sweet', 'url': 'https://pokeapi.co/api/v2/berry-flavor/3/'}, 'potency': 0}, {'flavor': {'name': 'bitter', 'url': 'https://pokeapi.co/api/v2/berry-flavor/4/'}, 'potency': 0}, {'flavor': {'name': 'sour', 'url': 'https://pokeapi.co/api/v2/berry-flavor/5/'}, 'potency': 20}]",nomel-berry,dragon
31,spelon,15,15,70,133,35,8,soft,"[{'flavor': {'name': 'spicy', 'url': 'https://pokeapi.co/api/v2/berry-flavor/1/'}, 'potency': 30}, {'flavor': {'name': 'dry', 'url': 'https://pokeapi.co/api/v2/berry-flavor/2/'}, 'potency': 10}, {'flavor': {'name': 'sweet', 'url': 'https://pokeapi.co/api/v2/berry-flavor/3/'}, 'potency': 0}, {'flavor': {'name': 'bitter', 'url': 'https://pokeapi.co/api/v2/berry-flavor/4/'}, 'potency': 0}, {'flavor': {'name': 'sour', 'url': 'https://pokeapi.co/api/v2/berry-flavor/5/'}, 'potency': 0}]",spelon-berry,dark
32,pamtre,15,15,70,244,35,8,very-soft,"[{'flavor': {'name': 'spicy', 'url': 'https://pokeapi.co/api/v2/berry-flavor/1/'}, 'potency': 0}, {'flavor': {'name': 'dry', 'url': 'https://pokeapi.co/api/v2/berry-flavor/2/'}, 'potency': 30}, {'flavor': {'name': 'sweet', 'url': 'https://pokeapi.co/api/v2/berry-flavor/3/'}, 'potency': 10}, {'flavor': {'name': 'bitter', 'url': 'https://pokeapi.co/api/v2/berry-flavor/4/'}, 'potency': 0}, {'flavor': {'name': 'sour', 'url': 'https://pokeapi.co/api/v2/berry-flavor/5/'}, 'potency': 0}]",pamtre-berry,steel
33,watmel,15,15,80,250,35,8,soft,"[{'flavor': {'name': 'spicy', 'url': 'https://pokeapi.co/api/v2/berry-flavor/1/'}, 'potency': 0}, {'flavor': {'name': 'dry', 'url': 'https://pokeapi.co/api/v2/berry-flavor/2/'}, 'potency': 0}, {'flavor': {'name': 'sweet', 'url': 'https://pokeapi.co/api/v2/berry-flavor/3/'}, 'potency': 30}, {'flavor': {'name': 'bitter', 'url': 'https://pokeapi.co/api/v2/berry-flavor/4/'}, 'potency': 10}, {'flavor': {'name': 'sour', 'url': 'https://pokeapi.co/api/v2/berry-flavor/5/'}, 'potency': 0}]",watmel-berry,fire
34,durin,15,15,80,280,35,8,hard,"[{'flavor': {'name': 'spicy', 'url': 'https://pokeapi.co/api/v2/berry-flavor/1/'}, 'potency': 0}, {'flavor': {'name': 'dry', 'url': 'https://pokeapi.co/api/v2/berry-flavor/2/'}, 'potency': 0}, {'flavor': {'name': 'sweet', 'url': 'https://pokeapi.co/api/v2/berry-flavor/3/'}, 'potency': 0}, {'flavor': {'name': 'bitter', 'url': 'https://pokeapi.co/api/v2/berry-flavor/4/'}, 'potency': 30}, {'flavor': {'name': 'sour', 'url': 'https://pokeapi.co/api/v2/berry-flavor/5/'}, 'potency': 10}]",durin-berry,water
35,belue,15,15,80,300,35,8,very-soft,"[{'flavor': {'name': 'spicy', 'url': 'https://pokeapi.co/api/v2/berry-flavor/1/'}, 'potency': 10}, {'flavor': {'name': 'dry', 'url': 'https://pokeapi.co/api/v2/berry-flavor/2/'}, 'potency': 0}, {'flavor': {'name': 'sweet', 'url': 'https://pokeapi.co/api/v2/berry-flavor/3/'}, 'potency': 0}, {'flavor': {'name': 'bitter', 'url': 'https://pokeapi.co/api/v2/berry-flavor/4/'}, 'potency': 0}, {'flavor': {'name': 'sour', 'url': 'https://pokeapi.co/api/v2/berry-flavor/5/'}, 'potency': 30}]",belue-berry,electric
36,occa,18,5,60,90,30,6,super-hard,"[{'flavor': {'name': 'spicy', 'url': 'https://pokeapi.co/api/v2/berry-flavor/1/'}, 'potency': 15}, {'flavor': {'name': 'dry', 'url': 'https://pokeapi.co/api/v2/berry-flavor/2/'}, 'potency': 0}, {'flavor': {'name': 'sweet', 'url': 'https://pokeapi.co/api/v2/berry-flavor/3/'}, 'potency': 10}, {'flavor': {'name': 'bitter', 'url': 'https://pokeapi.co/api/v2/berry-flavor/4/'}, 'potency': 0}, {'flavor': {'name': 'sour', 'url': 'https://pokeapi.co/api/v2/berry-flavor/5/'}, 'potency': 0}]",occa-berry,fire
37,passho,18,5,60,33,30,6,soft,"[{'flavor': {'name': 'spicy', 'url': 'https://pokeapi.co/api/v2/berry-flavor/1/'}, 'potency': 0}, {'flavor': {'name': 'dry', 'url': 'https://pokeapi.co/api/v2/berry-flavor/2/'}, 'potency': 15}, {'flavor': {'name': 'sweet', 'url': 'https://pokeapi.co/api/v2/berry-flavor/3/'}, 'potency': 0}, {'flavor': {'name': 'bitter', 'url': 'https://pokeapi.co/api/v2/berry-flavor/4/'}, 'potency': 10}, {'flavor': {'name': 'sour', 'url': 'https://pokeapi.co/api/v2/berry-flavor/5/'}, 'potency': 0}]",passho-berry,water
38,wacan,18,5,60,250,30,6,very-soft,"[{'flavor': {'name': 'spicy', 'url': 'https://pokeapi.co/api/v2/berry-flavor/1/'}, 'potency': 0}, {'flavor': {'name': 'dry', 'url': 'https://pokeapi.co/api/v2/berry-flavor/2/'}, 'potency': 0}, {'flavor': {'name': 'sweet', 'url': 'https://pokeapi.co/api/v2/berry-flavor/3/'}, 'potency': 15}, {'flavor': {'name': 'bitter', 'url': 'https://pokeapi.co/api/v2/berry-flavor/4/'}, 'potency': 0}, {'flavor': {'name': 'sour', 'url': 'https://pokeapi.co/api/v2/berry-flavor/5/'}, 'potency': 10}]",wacan-berry,electric
39,rindo,18,5,60,156,30,6,soft,"[{'flavor': {'name': 'spicy', 'url': 'https://pokeapi.co/api/v2/berry-flavor/1/'}, 'potency': 10}, {'flavor': {'name': 'dry', 'url': 'https://pokeapi.co/api/v2/berry-flavor/2/'}, 'potency': 0}, {'flavor': {'name': 'sweet', 'url': 'https://pokeapi.co/api/v2/berry-flavor/3/'}, 'potency': 0}, {'flavor': {'name': 'bitter', 'url': 'https://pokeapi.co/api/v2/berry-flavor/4/'}, 'potency': 15}, {'flavor': {'name': 'sour', 'url': 'https://pokeapi.co/api/v2/berry-flavor/5/'}, 'potency': 0}]",rindo-berry,grass
40,yache,18,5,60,135,30,6,very-hard,"[{'flavor': {'name': 'spicy', 'url': 'https://pokeapi.co/api/v2/berry-flavor/1/'}, 'potency': 0}, {'flavor': {'name': 'dry', 'url': 'https://pokeapi.co/api/v2/berry-flavor/2/'}, 'potency': 10}, {'flavor': {'name': 'sweet', 'url': 'https://pokeapi.co/api/v2/berry-flavor/3/'}, 'potency': 0}, {'flavor': {'name': 'bitter', 'url': 'https://pokeapi.co/api/v2/berry-flavor/4/'}, 'potency': 0}, {'flavor': {'name': 'sour', 'url': 'https://pokeapi.co/api/v2/berry-flavor/5/'}, 'potency': 15}]",yache-berry,ice
41,chople,18,5,60,77,30,6,soft,"[{'flavor': {'name': 'spicy', 'url': 'https://pokeapi.co/api/v2/berry-flavor/1/'}, 'potency': 15}, {'flavor': {'name': 'dry', 'url': 'https://pokeapi.co/api/v2/berry-flavor/2/'}, 'potency': 0}, {'flavor': {'name': 'sweet', 'url': 'https://pokeapi.co/api/v2/berry-flavor/3/'}, 'potency': 0}, {'flavor': {'name': 'bitter', 'url': 'https://pokeapi.co/api/v2/berry-flavor/4/'}, 'potency': 10}, {'flavor': {'name': 'sour', 'url': 'https://pokeapi.co/api/v2/berry-flavor/5/'}, 'potency': 0}]",chople-berry,fighting
42,kebia,18,5,60,90,30,6,hard,"[{'flavor': {'name': 'spicy', 'url': 'https://pokeapi.co/api/v2/berry-flavor/1/'}, 'potency': 0}, {'flavor': {'name': 'dry', 'url': 'https://pokeapi.co/api/v2/berry-flavor/2/'}, 'potency': 15}, {'flavor': {'name': 'sweet', 'url': 'https://pokeapi.co/api/v2/berry-flavor/3/'}, 'potency': 0}, {'flavor': {'name': 'bitter', 'url': 'https://pokeapi.co/api/v2/berry-flavor/4/'}, 'potency': 0}, {'flavor': {'name': 'sour', 'url': 'https://pokeapi.co/api/v2/berry-flavor/5/'}, 'potency': 10}]",kebia-berry,poison
43,shuca,18,5,60,42,30,6,soft,"[{'flavor': {'name': 'spicy', 'url': 'https://pokeapi.co/api/v2/berry-flavor/1/'}, 'potency': 10}, {'flavor': {'name': 'dry', 'url': 'https://pokeapi.co/api/v2/berry-flavor/2/'}, 'potency': 0}, {'flavor': {'name': 'sweet', 'url': 'https://pokeapi.co/api/v2/berry-flavor/3/'}, 'potency': 15}, {'flavor': {'name': 'bitter', 'url': 'https://pokeapi.co/api/v2/berry-flavor/4/'}, 'potency': 0}, {'flavor': {'name': 'sour', 'url': 'https://pokeapi.co/api/v2/berry-flavor/5/'}, 'potency': 0}]",shuca-berry,ground
44,coba,18,5,60,278,30,6,very-hard,"[{'flavor': {'name': 'spicy', 'url': 'https://pokeapi.co/api/v2/berry-flavor/1/'}, 'potency': 0}, {'flavor': {'name': 'dry', 'url': 'https://pokeapi.co/api/v2/berry-flavor/2/'}, 'potency': 10}, {'flavor': {'name': 'sweet', 'url': 'https://pokeapi.co/api/v2/berry-flavor/3/'}, 'potency': 0}, {'flavor': {'name': 'bitter', 'url': 'https://pokeapi.co/api/v2/berry-flavor/4/'}, 'potency': 15}, {'flavor': {'name': 'sour', 'url': 'https://pokeapi.co/api/v2/berry-flavor/5/'}, 'potency': 0}]",coba-berry,flying
45,payapa,18,5,60,252,30,6,soft,"[{'flavor': {'name': 'spicy', 'url': 'https://pokeapi.co/api/v2/berry-flavor/1/'}, 'potency': 0}, {'flavor': {'name': 'dry', 'url': 'https://pokeapi.co/api/v2/berry-flavor/2/'}, 'potency': 0}, {'flavor': {'name': 'sweet', 'url': 'https://pokeapi.co/api/v2/berry-flavor/3/'}, 'potency': 10}, {'flavor': {'name': 'bitter', 'url': 'https://pokeapi.co/api/v2/berry-flavor/4/'}, 'potency': 0}, {'flavor': {'name': 'sour', 'url': 'https://pokeapi.co/api/v2/berry-flavor/5/'}, 'potency': 15}]",payapa-berry,psychic
46,tanga,18,5,60,42,35,6,very-soft,"[{'flavor': {'name': 'spicy', 'url': 'https://pokeapi.co/api/v2/berry-flavor/1/'}, 'potency': 20}, {'flavor': {'name': 'dry', 'url': 'https://pokeapi.co/api/v2/berry-flavor/2/'}, 'potency': 0}, {'flavor': {'name': 'sweet', 'url': 'https://pokeapi.co/api/v2/berry-flavor/3/'}, 'potency': 0}, {'flavor': {'name': 'bitter', 'url': 'https://pokeapi.co/api/v2/berry-flavor/4/'}, 'potency': 0}, {'flavor': {'name': 'sour', 'url': 'https://pokeapi.co/api/v2/berry-flavor/5/'}, 'potency': 10}]",tanga-berry,bug
47,charti,18,5,60,28,35,6,very-soft,"[{'flavor': {'name': 'spicy', 'url': 'https://pokeapi.co/api/v2/berry-flavor/1/'}, 'potency': 10}, {'flavor': {'name': 'dry', 'url': 'https://pokeapi.co/api/v2/berry-flavor/2/'}, 'potency': 20}, {'flavor': {'name': 'sweet', 'url': 'https://pokeapi.co/api/v2/berry-flavor/3/'}, 'potency': 0}, {'flavor': {'name': 'bitter', 'url': 'https://pokeapi.co/api/v2/berry-flavor/4/'}, 'potency': 0}, {'flavor': {'name': 'sour', 'url': 'https://pokeapi.co/api/v2/berry-flavor/5/'}, 'potency': 0}]",charti-berry,rock
48,kasib,18,5,60,144,35,6,hard,"[{'flavor': {'name': 'spicy', 'url': 'https://pokeapi.co/api/v2/berry-flavor/1/'}, 'potency': 0}, {'flavor': {'name': 'dry', 'url': 'https://pokeapi.co/api/v2/berry-flavor/2/'}, 'potency': 10}, {'flavor': {'name': 'sweet', 'url': 'https://pokeapi.co/api/v2/berry-flavor/3/'}, 'potency': 20}, {'flavor': {'name': 'bitter', 'url': 'https://pokeapi.co/api/v2/berry-flavor/4/'}, 'potency': 0}, {'flavor': {'name': 'sour', 'url': 'https://pokeapi.co/api/v2/berry-flavor/5/'}, 'potency': 0}]",kasib-berry,ghost
49,haban,18,5,60,23,35,6,soft,"[{'flavor': {'name': 'spicy', 'url': 'https://pokeapi.co/api/v2/berry-flavor/1/'}, 'potency': 0}, {'flavor': {'name': 'dry', 'url': 'https://pokeapi.co/api/v2/berry-flavor/2/'}, 'potency': 0}, {'flavor': {'name': 'sweet', 'url': 'https://pokeapi.co/api/v2/berry-flavor/3/'}, 'potency': 10}, {'flavor': {'name': 'bitter', 'url': 'https://pokeapi.co/api/v2/berry-flavor/4/'}, 'potency': 20}, {'flavor': {'name': 'sour', 'url': 'https://pokeapi.co/api/v2/berry-flavor/5/'}, 'potency': 0}]",haban-berry,dragon
50,colbur,18,5,60,39,35,6,super-hard,"[{'flavor': {'name': 'spicy', 'url': 'https://pokeapi.co/api/v2/berry-flavor/1/'}, 'potency': 0}, {'flavor': {'name': 'dry', 'url': 'https://pokeapi.co/api/v2/berry-flavor/2/'}, 'potency': 0}, {'flavor': {'name': 'sweet', 'url': 'https://pokeapi.co/api/v2/berry-flavor/3/'}, 'potency': 0}, {'flavor': {'name': 'bitter', 'url': 'https://pokeapi.co/api/v2/berry-flavor/4/'}, 'potency': 10}, {'flavor': {'name': 'sour', 'url': 'https://pokeapi.co/api/v2/berry-flavor/5/'}, 'potency': 20}]",colbur-berry,dark
51,babiri,18,5,60,265,35,6,super-hard,"[{'flavor': {'name': 'spicy', 'url': 'https://pokeapi.co/api/v2/berry-flavor/1/'}, 'potency': 25}, {'flavor': {'name': 'dry', 'url': 'https://pokeapi.co/api/v2/berry-flavor/2/'}, 'potency': 10}, {'flavor': {'name': 'sweet', 'url': 'https://pokeapi.co/api/v2/berry-flavor/3/'}, 'potency': 0}, {'flavor': {'name': 'bitter', 'url': 'https://pokeapi.co/api/v2/berry-flavor/4/'}, 'potency': 0}, {'flavor': {'name': 'sour', 'url': 'https://pokeapi.co/api/v2/berry-flavor/5/'}, 'potency': 0}]",babiri-berry,steel
52,chilan,18,5,60,34,35,6,very-soft,"[{'flavor': {'name': 'spicy', 'url': 'https://pokeapi.co/api/v2/berry-flavor/1/'}, 'potency': 0}, {'flavor': {'name': 'dry', 'url': 'https://pokeapi.co/api/v2/berry-flavor/2/'}, 'potency': 25}, {'flavor': {'name': 'sweet', 'url': 'https://pokeapi.co/api/v2/berry-flavor/3/'}, 'potency': 10}, {'flavor': {'name': 'bitter', 'url': 'https://pokeapi.co/api/v2/berry-flavor/4/'}, 'potency': 0}, {'flavor': {'name': 'sour', 'url': 'https://pokeapi.co/api/v2/berry-flavor/5/'}, 'potency': 0}]",chilan-berry,normal
53,liechi,24,5,80,111,40,4,very-hard,"[{'flavor': {'name': 'spicy', 'url': 'https://pokeapi.co/api/v2/berry-flavor/1/'}, 'potency': 30}, {'flavor': {'name': 'dry', 'url': 'https://pokeapi.co/api/v2/berry-flavor/2/'}, 'potency': 10}, {'flavor': {'name': 'sweet', 'url': 'https://pokeapi.co/api/v2/berry-flavor/3/'}, 'potency': 30}, {'flavor': {'name': 'bitter', 'url': 'https://pokeapi.co/api/v2/berry-flavor/4/'}, 'potency': 0}, {'flavor': {'name': 'sour', 'url': 'https://pokeapi.co/api/v2/berry-flavor/5/'}, 'potency': 0}]",liechi-berry,grass
54,ganlon,24,5,80,33,40,4,very-hard,"[{'flavor': {'name': 'spicy', 'url': 'https://pokeapi.co/api/v2/berry-flavor/1/'}, 'potency': 0}, {'flavor': {'name': 'dry', 'url': 'https://pokeapi.co/api/v2/berry-flavor/2/'}, 'potency': 30}, {'flavor': {'name': 'sweet', 'url': 'https://pokeapi.co/api/v2/berry-flavor/3/'}, 'potency': 10}, {'flavor': {'name': 'bitter', 'url': 'https://pokeapi.co/api/v2/berry-flavor/4/'}, 'potency': 30}, {'flavor': {'name': 'sour', 'url': 'https://pokeapi.co/api/v2/berry-flavor/5/'}, 'potency': 0}]",ganlon-berry,ice
55,salac,24,5,80,95,40,4,very-hard,"[{'flavor': {'name': 'spicy', 'url': 'https://pokeapi.co/api/v2/berry-flavor/1/'}, 'potency': 0}, {'flavor': {'name': 'dry', 'url': 'https://pokeapi.co/api/v2/berry-flavor/2/'}, 'potency': 0}, {'flavor': {'name': 'sweet', 'url': 'https://pokeapi.co/api/v2/berry-flavor/3/'}, 'potency': 30}, {'flavor': {'name': 'bitter', 'url': 'https://pokeapi.co/api/v2/berry-flavor/4/'}, 'potency': 10}, {'flavor': {'name': 'sour', 'url': 'https://pokeapi.co/api/v2/berry-flavor/5/'}, 'potency': 30}]",salac-berry,fighting
56,petaya,24,5,80,237,40,4,very-hard,"[{'flavor': {'name': 'spicy', 'url': 'https://pokeapi.co/api/v2/berry-flavor/1/'}, 'potency': 30}, {'flavor': {'name': 'dry', 'url': 'https://pokeapi.co/api/v2/berry-flavor/2/'}, 'potency': 0}, {'flavor': {'name': 'sweet', 'url': 'https://pokeapi.co/api/v2/berry-flavor/3/'}, 'potency': 0}, {'flavor': {'name': 'bitter', 'url': 'https://pokeapi.co/api/v2/berry-flavor/4/'}, 'potency': 30}, {'flavor': {'name': 'sour', 'url': 'https://pokeapi.co/api/v2/berry-flavor/5/'}, 'potency': 10}]",petaya-berry,poison
57,apicot,24,5,80,75,40,4,hard,"[{'flavor': {'name': 'spicy', 'url': 'https://pokeapi.co/api/v2/berry-flavor/1/'}, 'potency': 10}, {'flavor': {'name': 'dry', 'url': 'https://pokeapi.co/api/v2/berry-flavor/2/'}, 'potency': 30}, {'flavor': {'name': 'sweet', 'url': 'https://pokeapi.co/api/v2/berry-flavor/3/'}, 'potency': 0}, {'flavor': {'name': 'bitter', 'url': 'https://pokeapi.co/api/v2/berry-flavor/4/'}, 'potency': 0}, {'flavor': {'name': 'sour', 'url': 'https://pokeapi.co/api/v2/berry-flavor/5/'}, 'potency': 30}]",apicot-berry,ground
58,lansat,24,5,80,97,50,4,soft,"[{'flavor': {'name': 'spicy', 'url': 'https://pokeapi.co/api/v2/berry-flavor/1/'}, 'potency': 30}, {'flavor': {'name': 'dry', 'url': 'https://pokeapi.co/api/v2/berry-flavor/2/'}, 'potency': 10}, {'flavor': {'name': 'sweet', 'url': 'https://pokeapi.co/api/v2/berry-flavor/3/'}, 'potency': 30}, {'flavor': {'name': 'bitter', 'url': 'https://pokeapi.co/api/v2/berry-flavor/4/'}, 'potency': 10}, {'flavor': {'name': 'sour', 'url': 'https://pokeapi.co/api/v2/berry-flavor/5/'}, 'potency': 30}]",lansat-berry,flying
59,starf,24,5,80,153,50,4,super-hard,"[{'flavor': {'name': 'spicy', 'url': 'https://pokeapi.co/api/v2/berry-flavor/1/'}, 'potency': 30}, {'flavor': {'name': 'dry', 'url': 'https://pokeapi.co/api/v2/berry-flavor/2/'}, 'potency': 10}, {'flavor': {'name': 'sweet', 'url': 'https://pokeapi.co/api/v2/berry-flavor/3/'}, 'potency': 30}, {'flavor': {'name': 'bitter', 'url': 'https://pokeapi.co/api/v2/berry-flavor/4/'}, 'potency': 10}, {'flavor': {'name': 'sour', 'url': 'https://pokeapi.co/api/v2/berry-flavor/5/'}, 'potency': 30}]",starf-berry,psychic
60,enigma,24,5,80,155,60,7,hard,"[{'flavor': {'name': 'spicy', 'url': 'https://pokeapi.co/api/v2/berry-flavor/1/'}, 'potency': 40}, {'flavor': {'name': 'dry', 'url': 'https://pokeapi.co/api/v2/berry-flavor/2/'}, 'potency': 10}, {'flavor': {'name': 'sweet', 'url': 'https://pokeapi.co/api/v2/berry-flavor/3/'}, 'potency': 0}, {'flavor': {'name': 'bitter', 'url': 'https://pokeapi.co/api/v2/berry-flavor/4/'}, 'potency': 0}, {'flavor': {'name': 'sour', 'url': 'https://pokeapi.co/api/v2/berry-flavor/5/'}, 'potency': 0}]",enigma-berry,bug
61,micle,24,5,80,41,60,7,soft,"[{'flavor': {'name': 'spicy', 'url': 'https://pokeapi.co/api/v2/berry-flavor/1/'}, 'potency': 0}, {'flavor': {'name': 'dry', 'url': 'https://pokeapi.co/api/v2/berry-flavor/2/'}, 'potency': 40}, {'flavor': {'name': 'sweet', 'url': 'https://pokeapi.co/api/v2/berry-flavor/3/'}, 'potency': 10}, {'flavor': {'name': 'bitter', 'url': 'https://pokeapi.co/api/v2/berry-flavor/4/'}, 'potency': 0}, {'flavor': {'name': 'sour', 'url': 'https://pokeapi.co/api/v2/berry-flavor/5/'}, 'potency': 0}]",micle-berry,rock
62,custap,24,5,80,267,60,7,super-hard,"[{'flavor': {'name': 'spicy', 'url': 'https://pokeapi.co/api/v2/berry-flavor/1/'}, 'potency': 0}, {'flavor': {'name': 'dry', 'url': 'https://pokeapi.co/api/v2/berry-flavor/2/'}, 'potency': 0}, {'flavor': {'name': 'sweet', 'url': 'https://pokeapi.co/api/v2/berry-flavor/3/'}, 'potency': 40}, {'flavor': {'name': 'bitter', 'url': 'https://pokeapi.co/api/v2/berry-flavor/4/'}, 'potency': 10}, {'flavor': {'name': 'sour', 'url': 'https://pokeapi.co/api/v2/berry-flavor/5/'}, 'potency': 0}]",custap-berry,ghost
63,jaboca,24,5,80,33,60,7,soft,"[{'flavor': {'name': 'spicy', 'url': 'https://pokeapi.co/api/v2/berry-flavor/1/'}, 'potency': 0}, {'flavor': {'name': 'dry', 'url': 'https://pokeapi.co/api/v2/berry-flavor/2/'}, 'potency': 0}, {'flavor': {'name': 'sweet', 'url': 'https://pokeapi.co/api/v2/berry-flavor/3/'}, 'potency': 0}, {'flavor': {'name': 'bitter', 'url': 'https://pokeapi.co/api/v2/berry-flavor/4/'}, 'potency': 40}, {'flavor': {'name': 'sour', 'url': 'https://pokeapi.co/api/v2/berry-flavor/5/'}, 'potency': 10}]",jaboca-berry,dragon
64,rowap,24,5,80,52,60,7,very-soft,"[{'flavor': {'name': 'spicy', 'url': 'https://pokeapi.co/api/v2/berry-flavor/1/'}, 'potency': 10}, {'flavor': {'name': 'dry', 'url': 'https://pokeapi.co/api/v2/berry-flavor/2/'}, 'potency': 0}, {'flavor': {'name': 'sweet', 'url': 'https://pokeapi.co/api/v2/berry-flavor/3/'}, 'potency': 0}, {'flavor': {'name': 'bitter', 'url': 'https://pokeapi.co/api/v2/berry-flavor/4/'}, 'potency': 0}, {'flavor': {'name': 'sour', 'url': 'https://pokeapi.co/api/v2/berry-flavor/5/'}, 'potency': 40}]",rowap-berry,dark
